公司名字,毁约性质,相关链接,链接图片,审核标签,审核描述信息,毁约时间Date
2022毁约公司,毁三方,"如您知道有新的公司毁约，可以点击给个链接提交给我们   
https://airtable.com/shrZLyGkl9Lr9ipSB
请务必按照格式填写，必须要有链接，以及相对于的连接图片（备用保存，防止链接失效）。我们会定时审核，发现不实信息会删除
githup链接在这https://github.com/PaperFly-web/2022-Destruction-of-fresh-graduates",00.jfif (https://dl.airtable.com/.attachments/8f7ccc68979b46d816f6dcd35ab1d64f/3b77e2ed/00.jfif),毕业前夕毁约！！！,"更新日志：
2022.8.18
对数据进行了审核，添加了审核标签，与审核描述",1/1/2022
亚信安全（毁约本人的公司）,毁三方,https://maimai.cn/web/gossip_detail/30535162?src=app&webid=eyJhbGciOiJIUzI1NiIsInR5cCI6IkpXVCJ9.eyJlZ2lkIjoiNTliNjI0ZDZlNDU0NDBjZWE1OGE3ZGY0YjAxZjVkMDAiLCJpZCI6MzA1MzUxNjIsInUiOjIzMDI3MjIxOX0.ITpkKuZPfZi6t4IoTskx0bzkxGlI8JY1-LBErjFKRWQ&share_channel=5,46亚信安全.png (https://dl.airtable.com/.attachments/b875134b011f6adf81391b10ee932e00/112d877f/46.png),"大批量毁约！！！,毕业前夕毁约！！！,慎去！！！,分批毁约","这就是毁约楼主的公司，第一次大规模招聘就毁约大部分人。我真的气死，还6月6号才通知，我6,月20号就要毕业，MD，我真的现在想想还有气。",6/1/2022
瓜子,毁三方,https://maimai.cn/web/gossip_detail/30146155?src=app&webid=eyJhbGciOiJIUzI1NiIsInR5cCI6IkpXVCJ9.eyJlZ2lkIjoiNDY4N2MyNmExMzBiNGM2MWFjNjNjNmJhMGE0ZTg3ZjQiLCJpZCI6MzAxNDYxNTUsInUiOjIzMDI3MjIxOX0.UfgWN-vzibakoyPkDNkM6ZhABlNkIifdNPYLJT1gtUs&share_channel=5,3瓜子.png (https://dl.airtable.com/.attachments/54c06f8300d42c44bdeab99919ff4a76/2cdc1786/3.png),"没有违约金,毕业前夕毁约！！！",产品岗毁约大部分，技术岗较少,3/1/2022
银泰,毁三方,https://www.nowcoder.com/discuss/943832,阿里银泰.png (https://dl.airtable.com/.attachments/5ff11e4301fbdc0f2afe4ae6d2c64d07/46ea41ce.png),小部分毁约,,3/1/2022
有赞,毁三方,https://maimai.cn/web/gossip_detail/30090542?src=app&webid=eyJ0eXAiOiJKV1QiLCJhbGciOiJIUzI1NiJ9.eyJpZCI6MzAwOTA1NDIsInUiOjIzMDI3MjIxOSwiZWdpZCI6IjcyYTZkNTcxMzg4ZDRkNWE4ZjU4NGU1M2EzNTRjMTIxIn0.gx1ES6OjUyGUUBUpLZMbAZogPZNSM6vOqN3TT3KDeFw&share_channel=2,1有赞.png (https://dl.airtable.com/.attachments/a5e7ce5e3bae88cf23a80f36c72469ec/7dc169ab/1.png),"大批量毁约！！！,毕业前夕毁约！！！,慎去！！！",就是他，MD，2022年第一个爆出的大批量毁约的公司,3/1/2022
完美世界,毁三方,https://maimai.cn/web/gossip_detail/30162132?src=app&webid=eyJhbGciOiJIUzI1NiIsInR5cCI6IkpXVCJ9.eyJlZ2lkIjoiOTFmYjgzYWFjNDI5NGQ2ZGI4OGI2YmQ2YTJlZWVmODIiLCJpZCI6MzAxNjIxMzIsInUiOjIzMDI3MjIxOX0.1xAxsIodCR9ilFP9eZi4rLp_smBN3FzLmNLfAUkiuwc&share_channel=5,2完美世界.png (https://dl.airtable.com/.attachments/d3a7d38bb6c33224d9d115b126dba703/5e4ae09f/2.png),小部分毁约,,3/1/2022
腾讯,"劝退(告知试用期不过),无赔偿",https://maimai.cn/web/gossip_detail/30224654?src=app&webid=eyJ0eXAiOiJKV1QiLCJhbGciOiJIUzI1NiJ9.eyJpZCI6MzAyMjQ2NTQsInUiOjIzMDI3MjIxOSwiZWdpZCI6IjNmMDMzMDdhYmViNTRjZTU4NGQwZTZmNGQ0ZDE2MjI1In0.1pOwMTbgoJB5b8UTd0vGNslzHrIbrPJs04_zzdNCrfE&share_channel=2,7腾讯.png (https://dl.airtable.com/.attachments/e998277b3d16ecdfc917332dcf9b7254/fa404996/7.png),小部分毁约,,4/1/2022
贝壳,劝退(告知试用期不过),https://maimai.cn/web/gossip_detail/30310795?src=app&webid=eyJhbGciOiJIUzI1NiIsInR5cCI6IkpXVCJ9.eyJlZ2lkIjoiYWY5OGZmOWVlOTUxNDU4MjhjNDhiY2VhYmUwM2U2ZjMiLCJpZCI6MzAzMTA3OTUsInUiOjIzMDI3MjIxOX0.khUqmvqY7pLFxvW833L6IY5l0fM_RPndMTE0IiYVMEw&share_channel=5,12贝壳.png (https://dl.airtable.com/.attachments/1430ddb15ef9eb9a1fb0e0945bc0830a/faf54c38/12.png),"小部分毁约,裁员，但未毁约三方",,4/1/2022
虎牙,毁三方,https://maimai.cn/web/gossip_detail/30283414?src=app&webid=eyJhbGciOiJIUzI1NiIsInR5cCI6IkpXVCJ9.eyJlZ2lkIjoiZThkMjUwZmM4ZTQ2NDQ1OGJhYjliODlkOWI2NTFiOTAiLCJpZCI6MzAyODM0MTQsInUiOjIzMDI3MjIxOX0.cpmmHMN_z83zhwltezeL5pez1Bm9W3tQnbipqWGcXL0&share_channel=5,9虎牙.png (https://dl.airtable.com/.attachments/1e7739a037fd815abfa5f66f9ab44f57/13fac84b/9.png),小部分毁约,,4/1/2022
达达,毁三方,https://maimai.cn/web/gossip_detail/30245093?src=app&webid=eyJ0eXAiOiJKV1QiLCJhbGciOiJIUzI1NiJ9.eyJpZCI6MzAyNDUwOTMsInUiOjIzMDI3MjIxOSwiZWdpZCI6IjcxN2E5MThkZGI1MzRmNzViMzNlODRhMDgyYzQwNDZjIn0.sOr3o6l6_8SPAXG2iowpMsLl4Z-_fJ196oeGkMYEoBg&share_channel=2,5达达.png (https://dl.airtable.com/.attachments/e8f39504320675b4cf7beede49c48538/5f8881a2/5.png),"大批量毁约！！！,分批毁约,毕业前夕毁约！！！,慎去！！！",,4/1/2022
厨芯,毁三方,https://www.nowcoder.com/discuss/935292,18厨芯.png (https://dl.airtable.com/.attachments/e780560e3d4cd544b4f17f95b0ef65ab/704fed86/18.png),"大批量毁约！！！,毕业前夕毁约！！！,慎去！！！",,4/1/2022
当当网,毁三方,https://maimai.cn/web/gossip_detail/30287429?src=app&webid=eyJhbGciOiJIUzI1NiIsInR5cCI6IkpXVCJ9.eyJlZ2lkIjoiOWRiM2IzNjA2MzIxNGU1Njk2ZjUyMzk1NTM1ZjVhMTAiLCJpZCI6MzAyODc0MjksInUiOjIzMDI3MjIxOX0.rjHBIVtnMzxmq8PEPaDINJZ_BaaNyPbTTxXZcawqCto&share_channel=5,13当当网.png (https://dl.airtable.com/.attachments/94e43cfca09fe8343da4299e852345bc/e1975429/13.png),"毕业前夕毁约！！！,没有违约金",,4/1/2022
哈啰出行,毁三方,https://www.nowcoder.com/discuss/945918,16哈罗出行.png (https://dl.airtable.com/.attachments/a1a187cdc001e0c59467beab3d5fb290/e177ed42/16.png),"分批毁约,毕业前夕毁约！！！",,4/1/2022
小米,试用期恶意裁员,https://maimai.cn/web/gossip_detail/30299371?src=app&webid=eyJhbGciOiJIUzI1NiIsInR5cCI6IkpXVCJ9.eyJlZ2lkIjoiNWU2NDBlMWE3NDM3NDE1MWI0NWI4YWZmNjBlOTVlNDMiLCJpZCI6MzAyOTkzNzEsInUiOjIzMDI3MjIxOX0.NVfZSPOlQHn7FpORD4CPXYhqsrUFNoD-yMkMaC_E8F8&share_channel=5,8小米.png (https://dl.airtable.com/.attachments/a5f2d24952a67d3f0568edb135e21e0f/765e92f7/8.png),小部分毁约,,4/1/2022
映客,画饼不给实习转正,https://maimai.cn/web/gossip_detail/30292405?src=app&webid=eyJhbGciOiJIUzI1NiIsInR5cCI6IkpXVCJ9.eyJlZ2lkIjoiYmM2NTIzMWIyMzBmNDU4ZWExNzNlZjFiZjcwNmIxYmEiLCJpZCI6MzAyOTI0MDUsInUiOjIzMDI3MjIxOX0.SkFhb95CVgpb25N5226RKv6tLvzU8vEE80DAD7pFaiY&share_channel=5,14映客.png (https://dl.airtable.com/.attachments/0a31b42f29cf0567efb1598246d36968/b80b0025/14.png),其他画饼等，没有毁约三方,,4/1/2022
小鹏,"毁三方,劝退(告知试用期不过)",https://maimai.cn/web/gossip_detail/30198108?src=app&webid=eyJhbGciOiJIUzI1NiIsInR5cCI6IkpXVCJ9.eyJlZ2lkIjoiYmIwODEzM2RhMTliNDA1N2JmY2E1MmJjODM3NGIxMjQiLCJpZCI6MzAxOTgxMDgsInUiOjIzMDI3MjIxOX0.NEnHUx00zlJN3ctO1Smqx05yA4zDtEPdk4JWpkhO3t4&share_channel=5,11小鹏.png (https://dl.airtable.com/.attachments/8f9c13c08dfdaf8f8d63dd1860b00409/c2b786fd/11.png),大批量毁约！！！,,4/1/2022
触宝,试用期恶意裁员,https://www.nowcoder.com/discuss/927384,17触宝.png (https://dl.airtable.com/.attachments/4819a1ade2c947848cbe855d8c5dd4f7/98f10712/17.png),裁员，但未毁约三方,,4/1/2022
京东,"劝退(告知试用期不过),无赔偿",https://maimai.cn/web/gossip_detail/30321861?src=app&webid=eyJhbGciOiJIUzI1NiIsInR5cCI6IkpXVCJ9.eyJlZ2lkIjoiNzJhZDAyYzQ3MmY4NDc1N2I5M2I3NmU0YTQxOGM2OTYiLCJpZCI6MzAzMjE4NjEsInUiOjIzMDI3MjIxOX0.iJA2qM01DbBUSFurASEFTKE2sz6p1FP5wzUKsew8c_w&share_channel=5,6京东.png (https://dl.airtable.com/.attachments/5dcf9144f181888ec833dbcfbdb43688/11e52577/6.png),小部分毁约,,4/1/2022
滴滴,"劝退(告知试用期不过),无赔偿",https://maimai.cn/web/gossip_detail/30223109?src=app&webid=eyJhbGciOiJIUzI1NiIsInR5cCI6IkpXVCJ9.eyJlZ2lkIjoiMDkwOTk2YzlmZTc2NGIzYWI2NWRmNGFiMDAzYzkwYTQiLCJpZCI6MzAyMjMxMDksInUiOjIzMDI3MjIxOX0.Kv3Quuts_RTnftYlkm3TqC7TJjaP4522CVUIg6obLmA&share_channel=5,10滴滴.png (https://dl.airtable.com/.attachments/7c844b586238509844b5eb0186adeaf0/fda48e68/10.png),小部分毁约,,4/1/2022
帆软,毁约三方,https://www.nowcoder.com/discuss/961807,66帆软.png (https://dl.airtable.com/.attachments/68a93fe8b2c461eb6971d803fb9b1d1b/f2c65d70/66.png),小部分毁约,链接失效，真实性不确定,5/1/2022
奇点云,毁三方,https://www.nowcoder.com/discuss/958069,35奇点云.png (https://dl.airtable.com/.attachments/0d7626f30068c52f81e964ad23e7ca25/7706e9d3/35.png),"大批量毁约！！！,毕业前夕毁约！！！,慎去！！！",,5/1/2022
洛凯,毁三方,https://www.nowcoder.com/discuss/950519,38洛凯.png (https://dl.airtable.com/.attachments/1c05aba8ac94cfcd9ff02523b88ebdcc/6eae4712/38.png),"入职毁约,毕业前夕毁约！！！,慎去！！！",,5/1/2022
新氧,试用期恶意裁员,https://maimai.cn/web/gossip_detail/30409087?src=app&webid=eyJhbGciOiJIUzI1NiIsInR5cCI6IkpXVCJ9.eyJlZ2lkIjoiNjY5ZmVmZDdiY2I0NDM4ZTg5YTdkMWZjZDBkMmUxY2YiLCJpZCI6MzA0MDkwODcsInUiOjIzMDI3MjIxOX0.xvEEiOAvTiXWC2D_a7wtrFwHmiEg884PBL1iA6jBfhI&share_channel=5,25新氧.png (https://dl.airtable.com/.attachments/ae81f2070d75953c23bd24768a79f6a5/9b2552da/25.png),裁员，但未毁约三方,招聘信息与实际工作不符,5/1/2022
白山云,毁三方,https://maimai.cn/web/gossip_detail/30450961?src=app&webid=eyJhbGciOiJIUzI1NiIsInR5cCI6IkpXVCJ9.eyJlZ2lkIjoiODVlZGE3MzkyYzU5NDYxYmIwMDIzMDBkNTEzZWUzYzEiLCJpZCI6MzA0NTA5NjEsInUiOjIzMDI3MjIxOX0.uZb8HOadcgxwHv8GxzmdRX1WJWFTvZjmlLI9eJYbuyc&share_channel=5,32白云山.png (https://dl.airtable.com/.attachments/4ccccee7e491d4515c26c844ee7acb20/e7b2fdf1/32.png),"大批量毁约！！！,毕业前夕毁约！！！",,5/1/2022
美的,劝退(告知试用期不过),https://maimai.cn/web/gossip_detail/30454675?src=app&webid=eyJhbGciOiJIUzI1NiIsInR5cCI6IkpXVCJ9.eyJlZ2lkIjoiZTEyYjQ5YjE0ZWI4NDY5YWE2ZDZmNDM4N2UwZjA4MDkiLCJpZCI6MzA0NTQ2NzUsInUiOjIzMDI3MjIxOX0.hqL5v7R1cfjrQVQv4RB9o3ggKFxtddDDPW1kOQH-ReU&share_channel=5,28美的.png (https://dl.airtable.com/.attachments/f461ee437be1518372741a3a7efafdb9/e4a88557/28.png),其他画饼等，没有毁约三方,,5/1/2022
百度,大量21届被裁,https://maimai.cn/web/gossip_detail/30428690?src=app&webid=eyJhbGciOiJIUzI1NiIsInR5cCI6IkpXVCJ9.eyJlZ2lkIjoiODIzZjg0YzZlZTA3NGQyMGI3YTVhOWQ2NDkzY2M5M2IiLCJpZCI6MzA0Mjg2OTAsInUiOjIzMDI3MjIxOX0.aqG9vqDaTA0iQDU_zmKUz6KGGs35XHV1eqH3SMFnfWM&share_channel=5,19百度.png (https://dl.airtable.com/.attachments/32ebd8ee64a7828f0c065eb13e710b69/d3dd6ff3/19.png),裁员，但未毁约三方,,5/1/2022
金山,毁三方,https://maimai.cn/web/gossip_detail/30372012?src=app&webid=eyJhbGciOiJIUzI1NiIsInR5cCI6IkpXVCJ9.eyJlZ2lkIjoiMmJiYWZiZWJhOTIwNGE1OThjZmUyYzhhMDRmZjkwMDAiLCJpZCI6MzAzNzIwMTIsInUiOjIzMDI3MjIxOX0.Z7pCiuLsZ3s2BOsORgUbMCFCZLmPtirbvQY7whAMo3g&share_channel=5,,"""信息不全,真伪自辨""",,5/1/2022
金证科技,毁三方,https://maimai.cn/web/gossip_detail/30490231?src=app&webid=eyJhbGciOiJIUzI1NiIsInR5cCI6IkpXVCJ9.eyJlZ2lkIjoiOTBjY2VjNDA0MjkxNDJkY2FiM2UxNjFmZGY4MDljMTIiLCJpZCI6MzA0OTAyMzEsInUiOjIzNDE2NTQ5N30.PqooLpSjrNz8P8F-uc4fsSMAnOAOb2Q744AvJ3_np5Q&share_channel=5,36金证科技.png (https://dl.airtable.com/.attachments/7bdab52c59b9b4ba25bb3874e749cc52/9ab5ba19/36.png),"毁约大部分校招生,毕业前夕毁约！！！,慎去！！！",,5/1/2022
绿米联创,毁三方,https://www.nowcoder.com/discuss/953345,41绿米联创.png (https://dl.airtable.com/.attachments/579e15bf0801d4ade04303faf51e27f9/c91ed9af/41.png),"毕业前夕毁约！！！,慎去！！！",,5/1/2022
融360,毁三方,https://maimai.cn/web/gossip_detail/30484373?src=app&webid=eyJhbGciOiJIUzI1NiIsInR5cCI6IkpXVCJ9.eyJlZ2lkIjoiNWYyMzM1MjA5ZDhkNDZlNTk4OWU3MDhhYWFhM2IyNDQiLCJpZCI6MzA0ODQzNzMsInUiOjIzMDI3MjIxOX0.t-Nw-KbvUWKacNEVw-MCkk3bJudcgPX03QW2iSBI4Yo&share_channel=5,40融360.png (https://dl.airtable.com/.attachments/aa73f983f71a7ea8800765c7996467e1/26fa89c8/40360.png),"毁约大部分校招生,毕业前夕毁约！！！,慎去！！！",,5/1/2022
容联云,毁三方,https://maimai.cn/web/gossip_detail/30489193?src=app&webid=eyJhbGciOiJIUzI1NiIsInR5cCI6IkpXVCJ9.eyJlZ2lkIjoiMGUxMGVmNzZmMzMwNDJiMWJjNjVlYjg4NjU2YzYwZDciLCJpZCI6MzA0ODkxOTMsInUiOjIzMDI3MjIxOX0.CnZ60Qg2cr8irpL1eWZq1eRWoRtwqVpixMnYzKICSKE&share_channel=5,34容联云.png (https://dl.airtable.com/.attachments/0c0ae1522a96b8549a9b2bad7367efc1/b192900c/34.png),"没有违约金,入职毁约,毕业前夕毁约！！！,慎去！！！",,5/1/2022
北森云计算,毁三方,https://www.nowcoder.com/discuss/958515?type=all&order=recall&pos=&page=2&ncTraceId=&channel=-1&source_id=search_all_nctrack&gio_id=90B433057E1B3E7595C1423680827A26-1656921720060,31北森云.png (https://dl.airtable.com/.attachments/fb31068bae69dc65d8ed122c9fb53c93/10e805f5/31.png),"大批量毁约！！！,不止2022年有毁约,毕业前夕毁约！！！,分批毁约,慎去！！！",北森云计算三年内，2次大规模毁约，这种公司慎去！！！！,5/1/2022
转转,毁三方,https://maimai.cn/web/gossip_detail/30366677?src=app&webid=eyJhbGciOiJIUzI1NiIsInR5cCI6IkpXVCJ9.eyJlZ2lkIjoiMmVkYTA5ZGQ5OWJjNGVhYzhiZTEzMTJkMjExYmNkYTQiLCJpZCI6MzAzNjY2NzcsInUiOjIzMDI3MjIxOX0.CUzH5EsB6ZSlxEHG0TDWpKgZTYnP6GnL2rJFK0Ud1DA&share_channel=5,20转转.png (https://dl.airtable.com/.attachments/a01873c6b86ca66266aab62005662462/d99f36a0/20.png),"大批量毁约！！！,分批毁约,慎去！！！",,5/1/2022
长阳,毁三方,https://www.nowcoder.com/discuss/951325,42长阳科技.png (https://dl.airtable.com/.attachments/ec1193da62e0880b4e3ad616c3df3b62/693a85a4/42.png),"小部分毁约,毕业前夕毁约！！！",,5/1/2022
理想汽车,毁三方,https://maimai.cn/web/gossip_detail/30395406?src=app&webid=eyJhbGciOiJIUzI1NiIsInR5cCI6IkpXVCJ9.eyJlZ2lkIjoiODA2ZjZhZmRhODE4NDMzMTk4NDIzMWIyNzM0ZjAwMjQiLCJpZCI6MzAzOTU0MDYsInUiOjIzMDI3MjIxOX0.FAGLXrgqCZRb2ALE_vwaZsebdi_fCd_8-_QZ7tcsj78&share_channel=5,23理想汽车.png (https://dl.airtable.com/.attachments/f8838446dcfa3fb549a94e2d432ea37d/02d3049b/23.png),"大批量毁约！！！,毕业前夕毁约！！！,慎去！！！",,5/1/2022
衡泰,毁三方,https://www.nowcoder.com/discuss/957923,33恒泰.png (https://dl.airtable.com/.attachments/a52f31412c71a4e748ed142dd8828ad8/fde3092e/33.png),"分批毁约,慎去！！！,毕业前夕毁约！！！",,5/1/2022
中科创达,毁三方,https://www.nowcoder.com/discuss/961737,39中科创达.png (https://dl.airtable.com/.attachments/717240a9b17ae306524508097220aa89/a8ced05a/39.png),"大批量毁约！！！,慎去！！！,毕业前夕毁约！！！",,5/1/2022
58同城,毁三方,https://maimai.cn/web/gossip_detail/30455417?src=app&webid=eyJhbGciOiJIUzI1NiIsInR5cCI6IkpXVCJ9.eyJlZ2lkIjoiNjM3YzM3YTQwOWE1NDdkNzhlZTYyYjVlYTNjM2I4OWEiLCJpZCI6MzA0NTU0MTcsInUiOjIzMDI3MjIxOX0.R72jV1-AjstJQjB7R8e7LVCRfa99lwJpNGoBVEiahgE&share_channel=5,29五八同城.png (https://dl.airtable.com/.attachments/a5b8f559eb712150735c87c3273d325f/f5efc9fc/29.png),"小部分毁约,毕业前夕毁约！！！",,5/1/2022
盛趣,试用期恶意裁员,https://maimai.cn/web/gossip_detail/30497694?src=app&webid=eyJhbGciOiJIUzI1NiIsInR5cCI6IkpXVCJ9.eyJlZ2lkIjoiY2U1MWY1Y2U5MmUzNDE0Nzg1NWMxZWIyMmE4MGUwYjUiLCJpZCI6MzA0OTc2OTQsInUiOjIzMDI3MjIxOX0.eKWysRz8P0xSkDXRuwdeCGCp3ruVIS-qccR3kuoJ338&share_channel=5,37盛趣.png (https://dl.airtable.com/.attachments/40086cba59407492d8dc9e209af6c4dd/3d8ca4d8/37.png),裁员，但未毁约三方,,5/1/2022
马蜂窝,"毁三方,劝退(告知试用期不过)",https://maimai.cn/web/gossip_detail/30434320?src=app&webid=eyJhbGciOiJIUzI1NiIsInR5cCI6IkpXVCJ9.eyJlZ2lkIjoiZGZjOTYxY2VmNjFkNDBmMWE5YzBjODUwMDQwMjQyYTQiLCJpZCI6MzA0MzQzMjAsInUiOjIzMDI3MjIxOX0.d8OSKd6tadOtG_wfB1k3hHhwY3SH8tJD7RBfKrHA8Dc&share_channel=5,27马蜂窝.png (https://dl.airtable.com/.attachments/67426619766c79353666ade17266ded1/488a2ada/27.png),"毕业前夕毁约！！！,慎去！！！",,5/1/2022
明略科技,毁三方,https://maimai.cn/web/gossip_detail/30420335?src=app&webid=eyJhbGciOiJIUzI1NiIsInR5cCI6IkpXVCJ9.eyJlZ2lkIjoiOWQxZDJlNzQwOGE4NDE5YzhhOGM1NTNjNTk4MDRiM2IiLCJpZCI6MzA0MjAzMzUsInUiOjIzMDI3MjIxOX0.w1KPrJDw9eavsONHwIfpM26aZmQS8Wvfz59FwUiseMk&share_channel=5,26明略科技.png (https://dl.airtable.com/.attachments/a0e9ba396cc1e0535e50db50752fae3e/c2d5e554/26.png),毕业前夕毁约！！！,,5/1/2022
同花顺,毁三方,https://maimai.cn/web/gossip_detail/30462222?src=app&webid=eyJhbGciOiJIUzI1NiIsInR5cCI6IkpXVCJ9.eyJlZ2lkIjoiNGNmZGE3NzliYmMyNDZhN2JkOGMxYzU2NmQ5ZGQzOTAiLCJpZCI6MzA0NjIyMjIsInUiOjIzMDI3MjIxOX0.TnLL_e5pxSy1OdFa-Q7vb-_NT-ZWY_kw0nZheveaeLA&share_channel=5,30同花顺.png (https://dl.airtable.com/.attachments/9a318080a148140a3e9d95d5d361e164/3021f11c/30.png),"小部分毁约,毕业前夕毁约！！！",,5/1/2022
阿里巴巴,劝退(告知试用期不过),https://maimai.cn/web/gossip_detail/30399278?src=app&webid=eyJ0eXAiOiJKV1QiLCJhbGciOiJIUzI1NiJ9.eyJpZCI6MzAzOTkyNzgsInUiOjIzMDI3MjIxOSwiZWdpZCI6IjI1M2Q2MDgyZTcyNDQxNjY4M2ZkYjQzM2M3NzJhZjU2In0.AJ4ai0O07GMPdkP4QwvFeZDAFcwYv407o3Q01Ax9oGA&share_channel=2,24阿里巴巴.png (https://dl.airtable.com/.attachments/091a324b35765ccc366fddd1ffacc76a/64078121/24.png),其他画饼等，没有毁约三方,,5/1/2022
字节跳动,试用期恶意裁员,https://maimai.cn/web/gossip_detail/30373864?src=app&webid=eyJ0eXAiOiJKV1QiLCJhbGciOiJIUzI1NiJ9.eyJpZCI6MzAzNzM4NjQsInUiOjIzMDI3MjIxOSwiZWdpZCI6IjcyOTFmOWFhNWNiMDQ4MGQ5NDRkZDE5MzFmN2YwNDU3In0.wRpK6vWbDQg_FI2zAOxPjhD_jJsspNw3lKeaCRYimVQ&share_channel=2,22字节.png (https://dl.airtable.com/.attachments/95a1f02d11575aa0b9d4ed2404bf335a/2d79fa0f/22.png),裁员，但未毁约三方,说实话，字节2022年还算好的，没怎么大量裁员和大批量毁约,5/1/2022
联友科技,毁三方,https://www.nowcoder.com/discuss/960136,43联友科技.png (https://dl.airtable.com/.attachments/22412cc5e7171d8b9201a3f01c54ef00/57b1b872/43.png),"大批量毁约！！！,毕业前夕毁约！！！,慎去！！！,分批毁约",,5/1/2022
杭州每刻科技有限公司,"裁员应届生,无赔偿,大量21届被裁",https://maimai.cn/web/gossip_detail/30427998?src=app&webid=eyJ0eXAiOiJKV1QiLCJhbGciOiJIUzI1NiJ9.eyJpZCI6MzA0Mjc5OTgsInUiOjIzMzMyODkxMSwiZWdpZCI6IjJjZWI1ZDExMTEwOTQyMWRhZThkZGQ3OTEyNDVlZGFlIn0.L-YTBp8u_Tn7yiL3J_4krQYIinu-YQAquvN1MGpyTeo&share_channel=2,469856497172537765.jpg (https://dl.airtable.com/.attachments/f139483fca33ae8f910828f514c6014a/19e94e8c/469856497172537765.jpg),"裁员，但未毁约三方,大量裁员应届生",,5/7/2022
绿盟,毁约三方,https://uploadfiles.nowcoder.com/message_images/20220626/7840802_1656206791927/discuss_1656206789083.jpeg?x-oss-process=image%2Fresize%2Cm_mfit%2Cw_550%2Ch_550,discuss_1656206789083.jpeg (https://dl.airtable.com/.attachments/155bcba2bc77a8614d8fee1f17c6989d/296d178f/discuss_1656206789083.jpeg),小部分毁约,,5/31/2022
一药网,毁三方,https://www.nowcoder.com/discuss/968567?type=all&order=recall&pos=&page=1&ncTraceId=&channel=-1&source_id=search_all_nctrack&gio_id=634EF89C8D8E90A6557B23589A76659C-1655353044976,壹药网.png (https://dl.airtable.com/.attachments/bb17f9cc133e67c7555606d53b51b04c/b7d38578.png),"大批量毁约！！！,毕业前夕毁约！！！,慎去！！！",,6/1/2022
上海米居,"毁三方,无赔偿",,,"""信息不全,真伪自辨""",该数据提供不全，无法辨识真实性，请各位自行判断,6/1/2022
平安,毁三方,https://maimai.cn/web/gossip_detail/30540455?src=app&webid=eyJhbGciOiJIUzI1NiIsInR5cCI6IkpXVCJ9.eyJlZ2lkIjoiMDVmMDVjMTkxZTQ5NGNmOGI5MmEzYjk5N2E5N2I2OWYiLCJpZCI6MzA1NDA0NTUsInUiOjIzMDI3MjIxOX0.00RqnrKoAsEC3xbjbjWXrSl8G1Etw23NatdW4NLzKDQ&share_channel=5,47平安惠普.png (https://dl.airtable.com/.attachments/92e8e3aa0683f7ce95134977fd830eff/07707138/47.png),"大批量毁约！！！,毕业前夕毁约！！！",,6/1/2022
惟客数据,毁三方,https://www.nowcoder.com/discuss/971547,55惟客.png (https://dl.airtable.com/.attachments/a143cef68ad5488a3b83be71a336f5ad/74268be6/55.png),大批量毁约！！！,,6/1/2022
深圳宝龙达信息科技股份有限公司,毁三方,https://www.nowcoder.com/discuss/971361,53深圳宝龙达.png (https://dl.airtable.com/.attachments/ef1cbf0e2bd0bb3c7738ae0407598d99/883bd61e/53.png),"大批量毁约！！！,毕业前夕毁约！！！,慎去！！！,分批毁约",,6/1/2022
灵动科技北京,毁三方,,,"""信息不全,真伪自辨""",该数据提供不全，无法辨识真实性，请各位自行判断,6/1/2022
袋鼠云,毁三方,https://maimai.cn/web/gossip_detail/30522743?src=app&webid=eyJhbGciOiJIUzI1NiIsInR5cCI6IkpXVCJ9.eyJlZ2lkIjoiYzdlOGMyNmM2MGM5NDdiM2E4NzIwOGQ4N2NlOWU0MDYiLCJpZCI6MzA1MjI3NDMsInUiOjIzMDI3MjIxOX0.v5FqTV3Ku48x0POtKVYz4PK2RS5P_UNTq-Xb5mW4OMM&share_channel=5,45袋鼠云.png (https://dl.airtable.com/.attachments/04136da4cb69b49956cc69764c7be3a0/56660bc8/45.png),"大批量毁约！！！,慎去！！！,分批毁约",,6/1/2022
万得,"毁三方,降薪",https://maimai.cn/web/gossip_detail/30554173?src=app&webid=eyJhbGciOiJIUzI1NiIsInR5cCI6IkpXVCJ9.eyJlZ2lkIjoiZjg4MmQ2YTJhZWZmNGFkYWEzZjU0N2JkMGQyMjc0M2YiLCJpZCI6MzA1NTQxNzMsInUiOjIzNDE2NTQ5N30.omw_EUnpN86YGWQw0wFA5hKY-ThLCcUa1gFxtSRm-Is&share_channel=5,49万得.png (https://dl.airtable.com/.attachments/8265159c1a3ae69b79a2484d07a27534/56c7c6a6/49.png),"大批量毁约！！！,毕业前夕毁约！！！",新进入的公司，一个同事就是被万得毁约来的。,6/1/2022
天鹅到家,毁约三方,https://maimai.cn/web/gossip_detail/30593702?src=app&webid=eyJhbGciOiJIUzI1NiIsInR5cCI6IkpXVCJ9.eyJlZ2lkIjoiMjg1ZTBjYzM3ZTlmNGY5Y2I4ZWY1MGEzNzU4MmJlZWMiLCJpZCI6MzA1OTM3MDIsInUiOjIzMDI3MjIxOX0.qWf9ly0YBLRxoXoSs-rYMLNaDJH-qSMR7f_yOjr9B_0&share_channel=5,65天鹅到家.png (https://dl.airtable.com/.attachments/1979612b72649ea19b0e9d94f2441554/c5403b95/65.png),"毕业前夕毁约！！！,慎去！！！",,6/1/2022
税友,毁三方,https://maimai.cn/web/gossip_detail/30535182?src=app&webid=eyJhbGciOiJIUzI1NiIsInR5cCI6IkpXVCJ9.eyJlZ2lkIjoiNGMxMThhNzg5ZmJiNDlhNTljYmY5YTA1YjcwNDA0NDgiLCJpZCI6MzA1MzUxODIsInUiOjIzMDI3MjIxOX0._O8M7717inCiYntJXTtGy6mOr_pELcN1lppW6c3sosk&share_channel=5,48税友.png (https://dl.airtable.com/.attachments/6b3858e747a11d0349d31e7e7371e117/3a9c5563/48.png),"大批量毁约！！！,毕业前夕毁约！！！,慎去！！！",春招还在牛客宣传大批量招人，然后快毕业就毁约,6/1/2022
德邦物流,毁约三方,https://maimai.cn/web/gossip_detail/30645153?src=app&webid=eyJhbGciOiJIUzI1NiIsInR5cCI6IkpXVCJ9.eyJlZ2lkIjoiNWJmOTcxNWM2NDM4NDkwMDhkMTY3NzJhMjZmY2U1ZjMiLCJpZCI6MzA2NDUxNTMsInUiOjIzMDI3MjIxOX0.Wq3jk5EAqQAfavhiSkoWtrSyRuVS8uIkAnahY050Nqc&share_channel=5,61德邦物流.png (https://dl.airtable.com/.attachments/b404bd6ba4c0107216884a64c2120b2b/616f0cc7/61.png),"大批量毁约！！！,毕业前夕毁约！！！,慎去！！！",,6/1/2022
蓝信移动,毁三方,https://www.nowcoder.com/feed/main/detail/faf27a4affe94093bd56d1a9b5369b3f,59蓝信移动.png (https://dl.airtable.com/.attachments/7117ec11875aa42e7bfa48d57363552c/185e57a0/59.png),毕业前夕毁约！！！,,6/1/2022
便利蜂,毁三方,https://maimai.cn/web/feed_detail?fid=1739112252&efid=jDDg2A25-V0QKFeSbHdPxQ&share_channel=5&webid=eyJ0eXAiOiJKV1QiLCJhbGciOiJIUzI1NiJ9.eyJ1IjoyMzM3Mjk3MzEsImZpZCI6MTczOTExMjI1Mn0.LIPDAtuhDzmL7f0UUeDjKFrzNJQDIS3tLI2uzzhYpHg&use_rn=1&_share_channel=copy_link,44便利蜂.png (https://dl.airtable.com/.attachments/c2a6794256ace200711f3494119f34f6/62f6b5f5/44.png),毕业前夕毁约！！！,,6/1/2022
普渡科技,毁约三方,https://maimai.cn/web/gossip_detail/30672509?src=app&webid=eyJhbGciOiJIUzI1NiIsInR5cCI6IkpXVCJ9.eyJlZ2lkIjoiMDRmNmNkODE4NjIxNDUzNmE1MTRlMmQ1NWQyZjU4NTEiLCJpZCI6MzA2NzI1MDksInUiOjIzMDI3MjIxOX0.LKfSD7B-jkm-UKuvSX7mG5jy8PBZUPunTOLuiMKXKVE&share_channel=5,62普渡科技.png (https://dl.airtable.com/.attachments/3674ac550a341b388468eae2b400fa47/f0f6915a/62.png),"大批量毁约！！！,毕业前夕毁约！！！,慎去！！！",,6/1/2022
明峰,毁约三方,https://www.nowcoder.com/discuss/971787,63明峰.png (https://dl.airtable.com/.attachments/d773d39a618c93cc16b917fc68622971/8f04647b/63.png),"大批量毁约！！！,慎去！！！,毕业前夕毁约！！！",,6/1/2022
上海泛微,毁约三方,https://www.nowcoder.com/feed/main/detail/ee0d375760bd455d9165087c956dd322,64上海泛微.png (https://dl.airtable.com/.attachments/e24ad6aa9f0ad774709b49f8a96dff1d/e2328dc7/64.png),"毕业前夕毁约！！！,小部分毁约",我知道这个公司，宣传的很好，其实待遇就那样。在上海啊还给不到一万,6/1/2022
道通科技,毁三方,https://www.nowcoder.com/discuss/971750?type=post&order=create&pos=&page=1&ncTraceId=&channel=-1&source_id=search_post_nctrack&gio_id=90B433057E1B3E7595C1423680827A26-1656922261545,52道通科技.png (https://dl.airtable.com/.attachments/2c306cf6f02e2e1cdbbbdaef7b859dbf/3306621a/52.png),"毕业前夕毁约！！！,慎去！！！,大批量毁约！！！",,6/1/2022
数势科技,毁三方,https://www.nowcoder.com/discuss/977505,60数势.png (https://dl.airtable.com/.attachments/939dbfcec4687e4733f0bb3aaffb0f2a/b73b2474/60.png),"大批量毁约！！！,毕业前夕毁约！！！,慎去！！！",,6/1/2022
苏州科达,毁三方,https://www.nowcoder.com/discuss/969029?source_id=profile_create_nctrack&channel=-1,51苏州科达.png (https://dl.airtable.com/.attachments/c985d5039134a338e5e1ef46815e8371/cf610000/51.png),大批量毁约！！！,6月把我们校企合作招过去的校友都毁约了，慎去,6/1/2022
四方信息,毁三方,https://www.nowcoder.com/discuss/971068,54四方信息.png (https://dl.airtable.com/.attachments/d805188c964967beb94b542325cee132/4bdf4d9f/54.png),"毕业前夕毁约！！！,毁约大部分校招生,慎去！！！",,6/1/2022
力高 地产,毁三方,https://www.nowcoder.com/discuss/971092,56力高地产.png (https://dl.airtable.com/.attachments/db1a4679be1cd637058dff6a01e22154/037df3c6/56.png),毕业前夕毁约！！！,,6/1/2022
上海华宝国际,裁员应届生,,,"""信息不全,真伪自辨""",该信息不全，真实性，请各位自己鉴定,6/1/2022
去哪儿网,"劝退,降薪,无赔偿",https://www.nowcoder.com/discuss/800425 ,,"""信息不全,真伪自辨""",该信息未包含明确毁约信息，真实性请各位行确认,6/1/2022
北森云计算,"无赔偿,画饼不给实习转正",https://maimai.cn/web/gossip_detail?gid=30489539&egid=624cda43431c47cfb84d38a5c17df930,,"大批量毁约！！！,分批毁约,慎去！！！,不止2022年有毁约",,6/6/2022
TOPJOY,"毁约三方,无赔偿",,,"""信息不全,真伪自辨""",该数据提供不全，无法辨识真实性，请各位自行判断,6/13/2022
盛趣游戏,毁约三方,,,"""信息不全,真伪自辨""",,6/30/2022
亚信科技,毁约三方,https://www.nowcoder.com/discuss/978786,authentication.jpg (https://dl.airtable.com/.attachments/5777a87364401dba8f434fcbbad756a7/1c28e8a4/authentication.jpg),小部分毁约,,7/1/2022
奇安信,毁约三方,,IMG_8532.PNG (https://dl.airtable.com/.attachments/2115c61529dc6dd170ddce25fcd83f43/e7367b6e/IMG_8532.PNG),小部分毁约,,7/1/2022
杭州新中大,毁约三方,,,"""信息不全,真伪自辨""",,7/4/2022
思特奇,,https://www.nowcoder.com/discuss/978813?channel=666&source_id=feed_index_nctrack&trackId=undefined,"QQ截图20220810092834.png (https://dl.airtable.com/.attachments/95e1a7f7c2fc2024116f713212bbffa4/a97f8399/QQ20220810092834.png),QQ截图20220810092846.png (https://dl.airtable.com/.attachments/519abd18d002922f906a766486fc1a28/0d037d09/QQ20220810092846.png)","毕业前夕毁约！！！,大批量毁约！！！,毁约大部分校招生,慎去！！！",入职前考核：本次淘汰率23%，后续可能继续淘汰。,7/5/2022
十方教育（深圳）,"裁员应届生,劝退(告知试用期不过),无赔偿,试用期恶意裁员",https://juejin.cn/post/7116196960809254943,十方教育.png (https://dl.airtable.com/.attachments/814f9355cb0110c55067a12aae9b0901/1e8b1eb3.png),入职毁约,,7/15/2022
中国平安财产保险股份有限公司湖北省分公司,"毁约三方,毁三方",平安集团暴雷，5.31后毕业的应届生签约后线的全部被毁三方,"authentication.png (https://dl.airtable.com/.attachments/538f44f42c0a57e7eb20ecc44b889b0c/e631a1a8/authentication.png),authentication.png (https://dl.airtable.com/.attachments/c9b6ecd6b25138b2b28c79d6ea3e8f75/b280ebe3/authentication.png),authentication.png (https://dl.airtable.com/.attachments/b0453dfb0beb202d2c0144e03622d5c5/53249289/authentication.png)","大批量毁约！！！,毕业前夕毁约！！！",,7/29/2022
中孚信息,"劝退,转岗",https://www.nowcoder.com/discuss/1003837?type=post&order=recall&pos=&page=1&ncTraceId=&channel=-1&source_id=search_post_nctrack&gio_id=90B433057E1B3E7595C1423680827A26-1660826774203,中孚信息.png (https://dl.airtable.com/.attachments/e1dedc9e782b5e77d77bb7c4c1050426/24b8939e.png),"大批量毁约！！！,入职毁约转岗,慎去！！！",春招还再宣传大批量招人,8/3/2022